<Modules>
  <Module PersistentId="478B02C8-5B0E-40D0-876B-C95A18B1F53B" ModuleId="MoodDesignChallenge" />
  <Module PersistentId="d:Miscellaneous Files" ModuleId="nunit.framework" />
  <Module PersistentId="E15D18A7-15F6-4FFA-9E9E-A98F7CF47567" ModuleId="ConsoleGUI" />
  <Module PersistentId="6B2914B9-9BA3-4834-863B-AC21597FB4B5" ModuleId="Tests" />
  <Module PersistentId="nunit.framework, Version=2.5.3.9345, Culture=neutral, PublicKeyToken=96d09a1eb7f44a77" ModuleId="nunit.framework_1" />
  <Module PersistentId="mscorlib, Version=2.0.0.0, Culture=neutral, PublicKeyToken=b77a5c561934e089" ModuleId="mscorlib" />
  <Module PersistentId="System, Version=2.0.0.0, Culture=neutral, PublicKeyToken=b77a5c561934e089" ModuleId="System" />
  <Module PersistentId="System.Core, Version=3.5.0.0, Culture=neutral, PublicKeyToken=b77a5c561934e089" ModuleId="System.Core" />
  <Module PersistentId="System.Xml.Linq, Version=3.5.0.0, Culture=neutral, PublicKeyToken=b77a5c561934e089" ModuleId="System.Xml.Linq" />
  <Module PersistentId="System.Data.DataSetExtensions, Version=3.5.0.0, Culture=neutral, PublicKeyToken=b77a5c561934e089" ModuleId="System.Data.DataSetExtensions" />
  <Module PersistentId="System.Data, Version=2.0.0.0, Culture=neutral, PublicKeyToken=b77a5c561934e089" ModuleId="System.Data" />
  <Module PersistentId="System.Xml, Version=2.0.0.0, Culture=neutral, PublicKeyToken=b77a5c561934e089" ModuleId="System.Xml" />
  <Module PersistentId="JetBrains.Annotations, Version=5.0.1659.36, Culture=neutral, PublicKeyToken=1010a0d8d6380325" ModuleId="JetBrains.Annotations" />
  <Module PersistentId="MoodDesignChallenge" ModuleId="MoodDesignChallenge_1" />
  <Module PersistentId="Tests" ModuleId="Tests_1" />
  <Module PersistentId="ConsoleGUI" ModuleId="ConsoleGUI_1" />
  <Module PersistentId="BCE52182-D989-411E-8D71-073FC53BF20A" ModuleId="EndToEndRun" />
  <Module PersistentId="D68924D4-D8C2-4377-A9DC-3F7C73C7E940" ModuleId="EndToEndTest" />
</Modules>